Filename,YouTube Title,YouTube Description,Date,Category,File Path
20200329_Prayer.mp4,"Opening Prayer | Friendship Baptist Church | March 29, 2020","Friendship Baptist Church - The Church That Christ Built
Pastor Isiah Smalls
36 Friendship Lane, Beaufort, SC 29907
www.thefriendshipbaptist.com

Opening Prayer from our March 29, 2020 worship service.

#FriendshipBaptistChurch #FBC #Beaufort #Worship",2020-03-29,Prayer,C:\thefriendshipbaptist\wp-content\20200329_Prayer.mp4
20200329_Sermon.mp4,"Sunday Sermon | Friendship Baptist Church | March 29, 2020","Friendship Baptist Church - The Church That Christ Built
Pastor Isiah Smalls
36 Friendship Lane, Beaufort, SC 29907
www.thefriendshipbaptist.com

Sunday Sermon from our March 29, 2020 worship service.

#FriendshipBaptistChurch #FBC #Beaufort #Worship",2020-03-29,Sermon,C:\thefriendshipbaptist\wp-content\20200329_Sermon.mp4
2020-04-05_FBC-Prayer_OSmalls.mp4,"Opening Prayer | Friendship Baptist Church | April 5, 2020","Friendship Baptist Church - The Church That Christ Built
Pastor Isiah Smalls
36 Friendship Lane, Beaufort, SC 29907
www.thefriendshipbaptist.com

Opening Prayer from our April 5, 2020 worship service.

#FriendshipBaptistChurch #FBC #Beaufort #Worship",2020-04-05,Prayer,C:\thefriendshipbaptist\wp-content\uploads\2020\04\2020-04-05_FBC-Prayer_OSmalls.mp4
2020-04-05_FBC-Sermon.mp4,"Sunday Sermon | Friendship Baptist Church | April 5, 2020","Friendship Baptist Church - The Church That Christ Built
Pastor Isiah Smalls
36 Friendship Lane, Beaufort, SC 29907
www.thefriendshipbaptist.com

Sunday Sermon from our April 5, 2020 worship service.

#FriendshipBaptistChurch #FBC #Beaufort #Worship",2020-04-05,Sermon,C:\thefriendshipbaptist\wp-content\uploads\2020\04\2020-04-05_FBC-Sermon.mp4
ResurrectionSundaySermon.mp4,"Resurrection Sunday Sermon | Friendship Baptist Church | April 12, 2020","Friendship Baptist Church - The Church That Christ Built
Pastor Isiah Smalls
36 Friendship Lane, Beaufort, SC 29907
www.thefriendshipbaptist.com

Resurrection Sunday Sermon from our April 12, 2020 worship service.

#FriendshipBaptistChurch #FBC #Beaufort #Worship",2020-04-12,Sermon,C:\thefriendshipbaptist\wp-content\uploads\2020\04\ResurrectionSundaySermon.mp4
20200412_102918.mp4,"Worship Service | Friendship Baptist Church | April 12, 2020","Friendship Baptist Church - The Church That Christ Built
Pastor Isiah Smalls
36 Friendship Lane, Beaufort, SC 29907
www.thefriendshipbaptist.com

Worship Service from our April 12, 2020 Resurrection Sunday service.

#FriendshipBaptistChurch #FBC #Beaufort #Worship",2020-04-12,Service,C:\thefriendshipbaptist\wp-content\uploads\2020\04\20200412_102918.mp4
2020-04-19-Prayer.mp4,"Opening Prayer | Friendship Baptist Church | April 19, 2020","Friendship Baptist Church - The Church That Christ Built
Pastor Isiah Smalls
36 Friendship Lane, Beaufort, SC 29907
www.thefriendshipbaptist.com

Opening Prayer from our April 19, 2020 worship service.

#FriendshipBaptistChurch #FBC #Beaufort #Worship",2020-04-19,Prayer,C:\thefriendshipbaptist\wp-content\uploads\2020\05\2020-04-19-Prayer.mp4
2020-04-19-Scripture.mp4,"Scripture Reading | Friendship Baptist Church | April 19, 2020","Friendship Baptist Church - The Church That Christ Built
Pastor Isiah Smalls
36 Friendship Lane, Beaufort, SC 29907
www.thefriendshipbaptist.com

Scripture Reading from our April 19, 2020 worship service.

#FriendshipBaptistChurch #FBC #Beaufort #Worship",2020-04-19,Scripture,C:\thefriendshipbaptist\wp-content\uploads\2020\05\2020-04-19-Scripture.mp4
2020-04-19-Sermon.mp4,"Sunday Sermon | Friendship Baptist Church | April 19, 2020","Friendship Baptist Church - The Church That Christ Built
Pastor Isiah Smalls
36 Friendship Lane, Beaufort, SC 29907
www.thefriendshipbaptist.com

Sunday Sermon from our April 19, 2020 worship service.

#FriendshipBaptistChurch #FBC #Beaufort #Worship",2020-04-19,Sermon,C:\thefriendshipbaptist\wp-content\uploads\2020\05\2020-04-19-Sermon.mp4
2020-04-26_Prayer.mp4,"Opening Prayer | Friendship Baptist Church | April 26, 2020","Friendship Baptist Church - The Church That Christ Built
Pastor Isiah Smalls
36 Friendship Lane, Beaufort, SC 29907
www.thefriendshipbaptist.com

Opening Prayer from our April 26, 2020 worship service.

#FriendshipBaptistChurch #FBC #Beaufort #Worship",2020-04-26,Prayer,C:\thefriendshipbaptist\wp-content\uploads\2020\05\2020-04-26_Prayer.mp4
2020-04-26_Scripture.mp4,"Scripture Reading | Friendship Baptist Church | April 26, 2020","Friendship Baptist Church - The Church That Christ Built
Pastor Isiah Smalls
36 Friendship Lane, Beaufort, SC 29907
www.thefriendshipbaptist.com

Scripture Reading from our April 26, 2020 worship service.

#FriendshipBaptistChurch #FBC #Beaufort #Worship",2020-04-26,Scripture,C:\thefriendshipbaptist\wp-content\uploads\2020\05\2020-04-26_Scripture.mp4
2020-04-26_Sermon_small.mp4,"Sunday Sermon | Friendship Baptist Church | April 26, 2020","Friendship Baptist Church - The Church That Christ Built
Pastor Isiah Smalls
36 Friendship Lane, Beaufort, SC 29907
www.thefriendshipbaptist.com

Sunday Sermon from our April 26, 2020 worship service.

#FriendshipBaptistChurch #FBC #Beaufort #Worship",2020-04-26,Sermon,C:\thefriendshipbaptist\wp-content\uploads\2020\05\2020-04-26_Sermon_small.mp4
2020-05-10_Prayer.mp4,"Opening Prayer | Friendship Baptist Church | May 10, 2020","Friendship Baptist Church - The Church That Christ Built
Pastor Isiah Smalls
36 Friendship Lane, Beaufort, SC 29907
www.thefriendshipbaptist.com

Opening Prayer from our May 10, 2020 Mother's Day worship service.

#FriendshipBaptistChurch #FBC #Beaufort #Worship",2020-05-10,Prayer,C:\thefriendshipbaptist\wp-content\uploads\2020\05\2020-05-10_Prayer.mp4
2020-05-10_Scripture.mp4,"Scripture Reading | Friendship Baptist Church | May 10, 2020","Friendship Baptist Church - The Church That Christ Built
Pastor Isiah Smalls
36 Friendship Lane, Beaufort, SC 29907
www.thefriendshipbaptist.com

Scripture Reading from our May 10, 2020 Mother's Day worship service.

#FriendshipBaptistChurch #FBC #Beaufort #Worship",2020-05-10,Scripture,C:\thefriendshipbaptist\wp-content\uploads\2020\05\2020-05-10_Scripture.mp4
2020-05-10_Sermon.mp4,"Sunday Sermon | Friendship Baptist Church | May 10, 2020","Friendship Baptist Church - The Church That Christ Built
Pastor Isiah Smalls
36 Friendship Lane, Beaufort, SC 29907
www.thefriendshipbaptist.com

Sunday Sermon from our May 10, 2020 Mother's Day worship service.

#FriendshipBaptistChurch #FBC #Beaufort #Worship",2020-05-10,Sermon,C:\thefriendshipbaptist\wp-content\uploads\2020\05\2020-05-10_Sermon.mp4
2020-05-17_Prayer.mp4,"Opening Prayer | Friendship Baptist Church | May 17, 2020","Friendship Baptist Church - The Church That Christ Built
Pastor Isiah Smalls
36 Friendship Lane, Beaufort, SC 29907
www.thefriendshipbaptist.com

Opening Prayer from our May 17, 2020 worship service.

#FriendshipBaptistChurch #FBC #Beaufort #Worship",2020-05-17,Prayer,C:\thefriendshipbaptist\wp-content\uploads\2020\05\2020-05-17_Prayer.mp4
2020-05-24_Prayer.mp4,"Opening Prayer | Friendship Baptist Church | May 24, 2020","Friendship Baptist Church - The Church That Christ Built
Pastor Isiah Smalls
36 Friendship Lane, Beaufort, SC 29907
www.thefriendshipbaptist.com

Opening Prayer from our May 24, 2020 worship service.

#FriendshipBaptistChurch #FBC #Beaufort #Worship",2020-05-24,Prayer,C:\thefriendshipbaptist\wp-content\uploads\2020\05\2020-05-24_Prayer.mp4
2020-05-24_Scripture.mp4,"Scripture Reading | Friendship Baptist Church | May 24, 2020","Friendship Baptist Church - The Church That Christ Built
Pastor Isiah Smalls
36 Friendship Lane, Beaufort, SC 29907
www.thefriendshipbaptist.com

Scripture Reading from our May 24, 2020 worship service.

#FriendshipBaptistChurch #FBC #Beaufort #Worship",2020-05-24,Scripture,C:\thefriendshipbaptist\wp-content\uploads\2020\06\2020-05-24_Scripture.mp4
2020-05-24_Sermon.mp4,"Sunday Sermon | Friendship Baptist Church | May 24, 2020","Friendship Baptist Church - The Church That Christ Built
Pastor Isiah Smalls
36 Friendship Lane, Beaufort, SC 29907
www.thefriendshipbaptist.com

Sunday Sermon from our May 24, 2020 worship service.

#FriendshipBaptistChurch #FBC #Beaufort #Worship",2020-05-24,Sermon,C:\thefriendshipbaptist\wp-content\uploads\2020\06\2020-05-24_Sermon.mp4
2020-07-25_Sermon_Doe.mp4,"Sunday Sermon | Friendship Baptist Church | July 25, 2020","Friendship Baptist Church - The Church That Christ Built
Guest Speaker
36 Friendship Lane, Beaufort, SC 29907
www.thefriendshipbaptist.com

Sunday Sermon from our July 25, 2020 worship service.

#FriendshipBaptistChurch #FBC #Beaufort #Worship",2020-07-25,Sermon,C:\thefriendshipbaptist\wp-content\uploads\2020\07\2020-07-25_Sermon_Doe.mp4
2020-08-02_Prayer.mp4,"Opening Prayer | Friendship Baptist Church | August 2, 2020","Friendship Baptist Church - The Church That Christ Built
Pastor Isiah Smalls
36 Friendship Lane, Beaufort, SC 29907
www.thefriendshipbaptist.com

Opening Prayer from our August 2, 2020 worship service.

#FriendshipBaptistChurch #FBC #Beaufort #Worship",2020-08-02,Prayer,C:\thefriendshipbaptist\wp-content\uploads\2020\08\2020-08-02_Prayer.mp4
2020-08-02_Scripture.mp4,"Scripture Reading | Friendship Baptist Church | August 2, 2020","Friendship Baptist Church - The Church That Christ Built
Pastor Isiah Smalls
36 Friendship Lane, Beaufort, SC 29907
www.thefriendshipbaptist.com

Scripture Reading from our August 2, 2020 worship service.

#FriendshipBaptistChurch #FBC #Beaufort #Worship",2020-08-02,Scripture,C:\thefriendshipbaptist\wp-content\uploads\2020\08\2020-08-02_Scripture.mp4
2020-08-02_Sermon.mp4,"Sunday Sermon | Friendship Baptist Church | August 2, 2020","Friendship Baptist Church - The Church That Christ Built
Pastor Isiah Smalls
36 Friendship Lane, Beaufort, SC 29907
www.thefriendshipbaptist.com

Sunday Sermon from our August 2, 2020 worship service.

#FriendshipBaptistChurch #FBC #Beaufort #Worship",2020-08-02,Sermon,C:\thefriendshipbaptist\wp-content\uploads\2020\08\2020-08-02_Sermon.mp4
2020-08-09_Prayer.mp4,"Opening Prayer | Friendship Baptist Church | August 9, 2020","Friendship Baptist Church - The Church That Christ Built
Pastor Isiah Smalls
36 Friendship Lane, Beaufort, SC 29907
www.thefriendshipbaptist.com

Opening Prayer from our August 9, 2020 worship service.

#FriendshipBaptistChurch #FBC #Beaufort #Worship",2020-08-09,Prayer,C:\thefriendshipbaptist\wp-content\uploads\2020\08\2020-08-09_Prayer.mp4
2020-08-09_Scripture.mp4,"Scripture Reading | Friendship Baptist Church | August 9, 2020","Friendship Baptist Church - The Church That Christ Built
Pastor Isiah Smalls
36 Friendship Lane, Beaufort, SC 29907
www.thefriendshipbaptist.com

Scripture Reading from our August 9, 2020 worship service.

#FriendshipBaptistChurch #FBC #Beaufort #Worship",2020-08-09,Scripture,C:\thefriendshipbaptist\wp-content\uploads\2020\08\2020-08-09_Scripture.mp4
2020-08-09_Sermon.mp4,"Sunday Sermon | Friendship Baptist Church | August 9, 2020","Friendship Baptist Church - The Church That Christ Built
Pastor Isiah Smalls
36 Friendship Lane, Beaufort, SC 29907
www.thefriendshipbaptist.com

Sunday Sermon from our August 9, 2020 worship service.

#FriendshipBaptistChurch #FBC #Beaufort #Worship",2020-08-09,Sermon,C:\thefriendshipbaptist\wp-content\uploads\2020\08\2020-08-09_Sermon.mp4
2020-08-16_Sermon.mp4,"Sunday Sermon | Friendship Baptist Church | August 16, 2020","Friendship Baptist Church - The Church That Christ Built
Pastor Isiah Smalls
36 Friendship Lane, Beaufort, SC 29907
www.thefriendshipbaptist.com

Sunday Sermon from our August 16, 2020 worship service.

#FriendshipBaptistChurch #FBC #Beaufort #Worship",2020-08-16,Sermon,C:\thefriendshipbaptist\wp-content\uploads\2020\09\2020-08-16_Sermon.mp4
2020-08-23_Sermon.mp4,"Sunday Sermon | Friendship Baptist Church | August 23, 2020","Friendship Baptist Church - The Church That Christ Built
Pastor Isiah Smalls
36 Friendship Lane, Beaufort, SC 29907
www.thefriendshipbaptist.com

Sunday Sermon from our August 23, 2020 worship service.

#FriendshipBaptistChurch #FBC #Beaufort #Worship",2020-08-23,Sermon,C:\thefriendshipbaptist\wp-content\uploads\2020\10\2020-08-23_Sermon.mp4
2020-08-30_Prayer.mp4,"Opening Prayer | Friendship Baptist Church | August 30, 2020","Friendship Baptist Church - The Church That Christ Built
Pastor Isiah Smalls
36 Friendship Lane, Beaufort, SC 29907
www.thefriendshipbaptist.com

Opening Prayer from our August 30, 2020 worship service.

#FriendshipBaptistChurch #FBC #Beaufort #Worship",2020-08-30,Prayer,C:\thefriendshipbaptist\wp-content\uploads\2020\10\2020-08-30_Prayer.mp4
2020-08-30_Scripture.mp4,"Scripture Reading | Friendship Baptist Church | August 30, 2020","Friendship Baptist Church - The Church That Christ Built
Pastor Isiah Smalls
36 Friendship Lane, Beaufort, SC 29907
www.thefriendshipbaptist.com

Scripture Reading from our August 30, 2020 worship service.

#FriendshipBaptistChurch #FBC #Beaufort #Worship",2020-08-30,Scripture,C:\thefriendshipbaptist\wp-content\uploads\2020\10\2020-08-30_Scripture.mp4
2020-08-30_Sermon.mp4,"Sunday Sermon | Friendship Baptist Church | August 30, 2020","Friendship Baptist Church - The Church That Christ Built
Pastor Isiah Smalls
36 Friendship Lane, Beaufort, SC 29907
www.thefriendshipbaptist.com

Sunday Sermon from our August 30, 2020 worship service.

#FriendshipBaptistChurch #FBC #Beaufort #Worship",2020-08-30,Sermon,C:\thefriendshipbaptist\wp-content\uploads\2020\10\2020-08-30_Sermon.mp4
2020-09-06_Sermon.mp4,"Sunday Sermon | Friendship Baptist Church | September 6, 2020","Friendship Baptist Church - The Church That Christ Built
Pastor Isiah Smalls
36 Friendship Lane, Beaufort, SC 29907
www.thefriendshipbaptist.com

Sunday Sermon from our September 6, 2020 worship service.

#FriendshipBaptistChurch #FBC #Beaufort #Worship",2020-09-06,Sermon,C:\thefriendshipbaptist\wp-content\uploads\2020\10\2020-09-06_Sermon.mp4
2020-09-13_Prayer.mp4,"Opening Prayer | Friendship Baptist Church | September 13, 2020","Friendship Baptist Church - The Church That Christ Built
Pastor Isiah Smalls
36 Friendship Lane, Beaufort, SC 29907
www.thefriendshipbaptist.com

Opening Prayer from our September 13, 2020 worship service.

#FriendshipBaptistChurch #FBC #Beaufort #Worship",2020-09-13,Prayer,C:\thefriendshipbaptist\wp-content\uploads\2020\10\2020-09-13_Prayer.mp4
2020-09-13_Scripture.mp4,"Scripture Reading | Friendship Baptist Church | September 13, 2020","Friendship Baptist Church - The Church That Christ Built
Pastor Isiah Smalls
36 Friendship Lane, Beaufort, SC 29907
www.thefriendshipbaptist.com

Scripture Reading from our September 13, 2020 worship service.

#FriendshipBaptistChurch #FBC #Beaufort #Worship",2020-09-13,Scripture,C:\thefriendshipbaptist\wp-content\uploads\2020\10\2020-09-13_Scripture.mp4
2020-09-13_Sermon.mp4,"Sunday Sermon | Friendship Baptist Church | September 13, 2020","Friendship Baptist Church - The Church That Christ Built
Pastor Isiah Smalls
36 Friendship Lane, Beaufort, SC 29907
www.thefriendshipbaptist.com

Sunday Sermon from our September 13, 2020 worship service.

#FriendshipBaptistChurch #FBC #Beaufort #Worship",2020-09-13,Sermon,C:\thefriendshipbaptist\wp-content\uploads\2020\10\2020-09-13_Sermon.mp4
2020-09-20_Prayer.mp4,"Opening Prayer | Friendship Baptist Church | September 20, 2020","Friendship Baptist Church - The Church That Christ Built
Pastor Isiah Smalls
36 Friendship Lane, Beaufort, SC 29907
www.thefriendshipbaptist.com

Opening Prayer from our September 20, 2020 worship service.

#FriendshipBaptistChurch #FBC #Beaufort #Worship",2020-09-20,Prayer,C:\thefriendshipbaptist\wp-content\uploads\2020\10\2020-09-20_Prayer.mp4
2020-09-20_Scripture-Testimony.mp4,"Scripture Reading & Testimony | Friendship Baptist Church | September 20, 2020","Friendship Baptist Church - The Church That Christ Built
Pastor Isiah Smalls
36 Friendship Lane, Beaufort, SC 29907
www.thefriendshipbaptist.com

Scripture Reading & Testimony from our September 20, 2020 worship service.

#FriendshipBaptistChurch #FBC #Beaufort #Worship",2020-09-20,Scripture-Testimony,C:\thefriendshipbaptist\wp-content\uploads\2020\10\2020-09-20_Scripture-Testimony.mp4
2020-09-20_Sermon.mp4,"Sunday Sermon | Friendship Baptist Church | September 20, 2020","Friendship Baptist Church - The Church That Christ Built
Pastor Isiah Smalls
36 Friendship Lane, Beaufort, SC 29907
www.thefriendshipbaptist.com

Sunday Sermon from our September 20, 2020 worship service.

#FriendshipBaptistChurch #FBC #Beaufort #Worship",2020-09-20,Sermon,C:\thefriendshipbaptist\wp-content\uploads\2020\10\2020-09-20_Sermon.mp4
2020-09-27_Prayer.mp4,"Opening Prayer | Friendship Baptist Church | September 27, 2020","Friendship Baptist Church - The Church That Christ Built
Pastor Isiah Smalls
36 Friendship Lane, Beaufort, SC 29907
www.thefriendshipbaptist.com

Opening Prayer from our September 27, 2020 worship service.

#FriendshipBaptistChurch #FBC #Beaufort #Worship",2020-09-27,Prayer,C:\thefriendshipbaptist\wp-content\uploads\2020\10\2020-09-27_Prayer.mp4
2020-09-27_Scripture.mp4,"Scripture Reading | Friendship Baptist Church | September 27, 2020","Friendship Baptist Church - The Church That Christ Built
Pastor Isiah Smalls
36 Friendship Lane, Beaufort, SC 29907
www.thefriendshipbaptist.com

Scripture Reading from our September 27, 2020 worship service.

#FriendshipBaptistChurch #FBC #Beaufort #Worship",2020-09-27,Scripture,C:\thefriendshipbaptist\wp-content\uploads\2020\10\2020-09-27_Scripture.mp4
2020-09-27_Sermon.mp4,"Sunday Sermon | Friendship Baptist Church | September 27, 2020","Friendship Baptist Church - The Church That Christ Built
Pastor Isiah Smalls
36 Friendship Lane, Beaufort, SC 29907
www.thefriendshipbaptist.com

Sunday Sermon from our September 27, 2020 worship service.

#FriendshipBaptistChurch #FBC #Beaufort #Worship",2020-09-27,Sermon,C:\thefriendshipbaptist\wp-content\uploads\2020\10\2020-09-27_Sermon.mp4
2020-10-04_Prayer.mp4,"Opening Prayer | Friendship Baptist Church | October 4, 2020","Friendship Baptist Church - The Church That Christ Built
Pastor Isiah Smalls
36 Friendship Lane, Beaufort, SC 29907
www.thefriendshipbaptist.com

Opening Prayer from our October 4, 2020 worship service.

#FriendshipBaptistChurch #FBC #Beaufort #Worship",2020-10-04,Prayer,C:\thefriendshipbaptist\wp-content\uploads\2020\10\2020-10-04_Prayer.mp4
2020-10-04_Scripture.mp4,"Scripture Reading | Friendship Baptist Church | October 4, 2020","Friendship Baptist Church - The Church That Christ Built
Pastor Isiah Smalls
36 Friendship Lane, Beaufort, SC 29907
www.thefriendshipbaptist.com

Scripture Reading from our October 4, 2020 worship service.

#FriendshipBaptistChurch #FBC #Beaufort #Worship",2020-10-04,Scripture,C:\thefriendshipbaptist\wp-content\uploads\2020\10\2020-10-04_Scripture.mp4
2020-10-04_Sermon.mp4,"Sunday Sermon | Friendship Baptist Church | October 4, 2020","Friendship Baptist Church - The Church That Christ Built
Pastor Isiah Smalls
36 Friendship Lane, Beaufort, SC 29907
www.thefriendshipbaptist.com

Sunday Sermon from our October 4, 2020 worship service.

#FriendshipBaptistChurch #FBC #Beaufort #Worship",2020-10-04,Sermon,C:\thefriendshipbaptist\wp-content\uploads\2020\10\2020-10-04_Sermon.mp4
2020-10-11_Prayer.mp4,"Opening Prayer | Friendship Baptist Church | October 11, 2020","Friendship Baptist Church - The Church That Christ Built
Pastor Isiah Smalls
36 Friendship Lane, Beaufort, SC 29907
www.thefriendshipbaptist.com

Opening Prayer from our October 11, 2020 Pastor Appreciation worship service.

#FriendshipBaptistChurch #FBC #Beaufort #Worship",2020-10-11,Prayer,C:\thefriendshipbaptist\wp-content\uploads\2020\10\2020-10-11_Prayer.mp4
2020-10-11_Scripture.mp4,"Scripture Reading | Friendship Baptist Church | October 11, 2020","Friendship Baptist Church - The Church That Christ Built
Pastor Isiah Smalls
36 Friendship Lane, Beaufort, SC 29907
www.thefriendshipbaptist.com

Scripture Reading from our October 11, 2020 Pastor Appreciation worship service.

#FriendshipBaptistChurch #FBC #Beaufort #Worship",2020-10-11,Scripture,C:\thefriendshipbaptist\wp-content\uploads\2020\10\2020-10-11_Scripture.mp4
2020-10-11_PastorAppreciation1.mp4,"Pastor Appreciation Part 1 | Friendship Baptist Church | October 11, 2020","Friendship Baptist Church - The Church That Christ Built
Pastor Isiah Smalls
36 Friendship Lane, Beaufort, SC 29907
www.thefriendshipbaptist.com

Pastor Appreciation Part 1 from our October 11, 2020 worship service.

#FriendshipBaptistChurch #FBC #Beaufort #Worship",2020-10-11,Special,C:\thefriendshipbaptist\wp-content\uploads\2020\10\2020-10-11_PastorAppreciation1.mp4
2020-10-11_PastorAppreciation2.mp4,"Pastor Appreciation Part 2 | Friendship Baptist Church | October 11, 2020","Friendship Baptist Church - The Church That Christ Built
Pastor Isiah Smalls
36 Friendship Lane, Beaufort, SC 29907
www.thefriendshipbaptist.com

Pastor Appreciation Part 2 from our October 11, 2020 worship service.

#FriendshipBaptistChurch #FBC #Beaufort #Worship",2020-10-11,Special,C:\thefriendshipbaptist\wp-content\uploads\2020\10\2020-10-11_PastorAppreciation2.mp4
2020-10-11_PastorParade_Outro.mp4,"Pastor Appreciation Parade & Outro | Friendship Baptist Church | October 11, 2020","Friendship Baptist Church - The Church That Christ Built
Pastor Isiah Smalls
36 Friendship Lane, Beaufort, SC 29907
www.thefriendshipbaptist.com

Pastor Appreciation Parade & Outro from our October 11, 2020 worship service.

#FriendshipBaptistChurch #FBC #Beaufort #Worship",2020-10-11,Special,C:\thefriendshipbaptist\wp-content\uploads\2020\10\2020-10-11_PastorParade_Outro.mp4
2020-10-11_PastorThankYou.mp4,"Pastor Thank You | Friendship Baptist Church | October 11, 2020","Friendship Baptist Church - The Church That Christ Built
Pastor Isiah Smalls
36 Friendship Lane, Beaufort, SC 29907
www.thefriendshipbaptist.com

Pastor Thank You from our October 11, 2020 worship service.

#FriendshipBaptistChurch #FBC #Beaufort #Worship",2020-10-11,Special,C:\thefriendshipbaptist\wp-content\uploads\2020\10\2020-10-11_PastorThankYou.mp4
Intro.mp4,"Service Intro | Friendship Baptist Church | October 11, 2020","Friendship Baptist Church - The Church That Christ Built
Pastor Isiah Smalls
36 Friendship Lane, Beaufort, SC 29907
www.thefriendshipbaptist.com

Service Intro from our October 11, 2020 Pastor Appreciation worship service.

#FriendshipBaptistChurch #FBC #Beaufort #Worship",2020-10-11,Special,C:\thefriendshipbaptist\wp-content\uploads\2020\10\Intro.mp4
2020-10-18_Prayer.mp4,"Opening Prayer | Friendship Baptist Church | October 18, 2020","Friendship Baptist Church - The Church That Christ Built
Pastor Isiah Smalls
36 Friendship Lane, Beaufort, SC 29907
www.thefriendshipbaptist.com

Opening Prayer from our October 18, 2020 worship service.

#FriendshipBaptistChurch #FBC #Beaufort #Worship",2020-10-18,Prayer,C:\thefriendshipbaptist\wp-content\uploads\2020\11\2020-10-18_Prayer.mp4
2020-10-18_Scripture.mp4,"Scripture Reading | Friendship Baptist Church | October 18, 2020","Friendship Baptist Church - The Church That Christ Built
Pastor Isiah Smalls
36 Friendship Lane, Beaufort, SC 29907
www.thefriendshipbaptist.com

Scripture Reading from our October 18, 2020 worship service.

#FriendshipBaptistChurch #FBC #Beaufort #Worship",2020-10-18,Scripture,C:\thefriendshipbaptist\wp-content\uploads\2020\11\2020-10-18_Scripture.mp4
2020-10-18_Sermon.mp4,"Sunday Sermon | Friendship Baptist Church | October 18, 2020","Friendship Baptist Church - The Church That Christ Built
Pastor Isiah Smalls
36 Friendship Lane, Beaufort, SC 29907
www.thefriendshipbaptist.com

Sunday Sermon from our October 18, 2020 worship service.

#FriendshipBaptistChurch #FBC #Beaufort #Worship",2020-10-18,Sermon,C:\thefriendshipbaptist\wp-content\uploads\2020\11\2020-10-18_Sermon.mp4
2020-10-25_Prayer.mp4,"Opening Prayer | Friendship Baptist Church | October 25, 2020","Friendship Baptist Church - The Church That Christ Built
Pastor Isiah Smalls
36 Friendship Lane, Beaufort, SC 29907
www.thefriendshipbaptist.com

Opening Prayer from our October 25, 2020 worship service.

#FriendshipBaptistChurch #FBC #Beaufort #Worship",2020-10-25,Prayer,C:\thefriendshipbaptist\wp-content\uploads\2020\11\2020-10-25_Prayer.mp4
2020-10-25_Sermon.mp4,"Sunday Sermon | Friendship Baptist Church | October 25, 2020","Friendship Baptist Church - The Church That Christ Built
Pastor Isiah Smalls
36 Friendship Lane, Beaufort, SC 29907
www.thefriendshipbaptist.com

Sunday Sermon from our October 25, 2020 worship service.

#FriendshipBaptistChurch #FBC #Beaufort #Worship",2020-10-25,Sermon,C:\thefriendshipbaptist\wp-content\uploads\2020\11\2020-10-25_Sermon.mp4
2020-11-01_Prayer.mp4,"Opening Prayer | Friendship Baptist Church | November 1, 2020","Friendship Baptist Church - The Church That Christ Built
Pastor Isiah Smalls
36 Friendship Lane, Beaufort, SC 29907
www.thefriendshipbaptist.com

Opening Prayer from our November 1, 2020 worship service.

#FriendshipBaptistChurch #FBC #Beaufort #Worship",2020-11-01,Prayer,C:\thefriendshipbaptist\wp-content\uploads\2020\12\2020-11-01_Prayer.mp4
2020-11-01_Scripture.mp4,"Scripture Reading | Friendship Baptist Church | November 1, 2020","Friendship Baptist Church - The Church That Christ Built
Pastor Isiah Smalls
36 Friendship Lane, Beaufort, SC 29907
www.thefriendshipbaptist.com

Scripture Reading from our November 1, 2020 worship service.

#FriendshipBaptistChurch #FBC #Beaufort #Worship",2020-11-01,Scripture,C:\thefriendshipbaptist\wp-content\uploads\2020\12\2020-11-01_Scripture.mp4
2020-11-01_Sermon.mp4,"Sunday Sermon | Friendship Baptist Church | November 1, 2020","Friendship Baptist Church - The Church That Christ Built
Pastor Isiah Smalls
36 Friendship Lane, Beaufort, SC 29907
www.thefriendshipbaptist.com

Sunday Sermon from our November 1, 2020 worship service.

#FriendshipBaptistChurch #FBC #Beaufort #Worship",2020-11-01,Sermon,C:\thefriendshipbaptist\wp-content\uploads\2020\12\2020-11-01_Sermon.mp4
2020-11-08_Prayer.mp4,"Opening Prayer | Friendship Baptist Church | November 8, 2020","Friendship Baptist Church - The Church That Christ Built
Pastor Isiah Smalls
36 Friendship Lane, Beaufort, SC 29907
www.thefriendshipbaptist.com

Opening Prayer from our November 8, 2020 worship service.

#FriendshipBaptistChurch #FBC #Beaufort #Worship",2020-11-08,Prayer,C:\thefriendshipbaptist\wp-content\uploads\2020\12\2020-11-08_Prayer.mp4
2020-11-08_Scripture.mp4,"Scripture Reading | Friendship Baptist Church | November 8, 2020","Friendship Baptist Church - The Church That Christ Built
Pastor Isiah Smalls
36 Friendship Lane, Beaufort, SC 29907
www.thefriendshipbaptist.com

Scripture Reading from our November 8, 2020 worship service.

#FriendshipBaptistChurch #FBC #Beaufort #Worship",2020-11-08,Scripture,C:\thefriendshipbaptist\wp-content\uploads\2020\12\2020-11-08_Scripture.mp4
2020-11-08_Sermon.mp4,"Sunday Sermon | Friendship Baptist Church | November 8, 2020","Friendship Baptist Church - The Church That Christ Built
Pastor Isiah Smalls
36 Friendship Lane, Beaufort, SC 29907
www.thefriendshipbaptist.com

Sunday Sermon from our November 8, 2020 worship service.

#FriendshipBaptistChurch #FBC #Beaufort #Worship",2020-11-08,Sermon,C:\thefriendshipbaptist\wp-content\uploads\2020\12\2020-11-08_Sermon.mp4
2020-11-15_Prayer.mp4,"Opening Prayer | Friendship Baptist Church | November 15, 2020","Friendship Baptist Church - The Church That Christ Built
Pastor Isiah Smalls
36 Friendship Lane, Beaufort, SC 29907
www.thefriendshipbaptist.com

Opening Prayer from our November 15, 2020 worship service.

#FriendshipBaptistChurch #FBC #Beaufort #Worship",2020-11-15,Prayer,C:\thefriendshipbaptist\wp-content\uploads\2020\12\2020-11-15_Prayer.mp4
2020-11-15_Scripture.mp4,"Scripture Reading | Friendship Baptist Church | November 15, 2020","Friendship Baptist Church - The Church That Christ Built
Pastor Isiah Smalls
36 Friendship Lane, Beaufort, SC 29907
www.thefriendshipbaptist.com

Scripture Reading from our November 15, 2020 worship service.

#FriendshipBaptistChurch #FBC #Beaufort #Worship",2020-11-15,Scripture,C:\thefriendshipbaptist\wp-content\uploads\2020\12\2020-11-15_Scripture.mp4
2020-11-15_Sermon.mp4,"Sunday Sermon | Friendship Baptist Church | November 15, 2020","Friendship Baptist Church - The Church That Christ Built
Pastor Isiah Smalls
36 Friendship Lane, Beaufort, SC 29907
www.thefriendshipbaptist.com

Sunday Sermon from our November 15, 2020 worship service.

#FriendshipBaptistChurch #FBC #Beaufort #Worship",2020-11-15,Sermon,C:\thefriendshipbaptist\wp-content\uploads\2020\12\2020-11-15_Sermon.mp4
2020-11-22_Prayer.mp4,"Opening Prayer | Friendship Baptist Church | November 22, 2020","Friendship Baptist Church - The Church That Christ Built
Pastor Isiah Smalls
36 Friendship Lane, Beaufort, SC 29907
www.thefriendshipbaptist.com

Opening Prayer from our November 22, 2020 worship service.

#FriendshipBaptistChurch #FBC #Beaufort #Worship",2020-11-22,Prayer,C:\thefriendshipbaptist\wp-content\uploads\2020\12\2020-11-22_Prayer.mp4
2020-11-22_Scripture.mp4,"Scripture Reading | Friendship Baptist Church | November 22, 2020","Friendship Baptist Church - The Church That Christ Built
Pastor Isiah Smalls
36 Friendship Lane, Beaufort, SC 29907
www.thefriendshipbaptist.com

Scripture Reading from our November 22, 2020 worship service.

#FriendshipBaptistChurch #FBC #Beaufort #Worship",2020-11-22,Scripture,C:\thefriendshipbaptist\wp-content\uploads\2020\12\2020-11-22_Scripture.mp4
2020-11-22_Sermon.mp4,"Sunday Sermon | Friendship Baptist Church | November 22, 2020","Friendship Baptist Church - The Church That Christ Built
Pastor Isiah Smalls
36 Friendship Lane, Beaufort, SC 29907
www.thefriendshipbaptist.com

Sunday Sermon from our November 22, 2020 worship service.

#FriendshipBaptistChurch #FBC #Beaufort #Worship",2020-11-22,Sermon,C:\thefriendshipbaptist\wp-content\uploads\2020\12\2020-11-22_Sermon.mp4
2020-11-29_Prayer.mp4,"Opening Prayer | Friendship Baptist Church | November 29, 2020","Friendship Baptist Church - The Church That Christ Built
Pastor Isiah Smalls
36 Friendship Lane, Beaufort, SC 29907
www.thefriendshipbaptist.com

Opening Prayer from our November 29, 2020 worship service.

#FriendshipBaptistChurch #FBC #Beaufort #Worship",2020-11-29,Prayer,C:\thefriendshipbaptist\wp-content\uploads\2020\12\2020-11-29_Prayer.mp4
2020-11-29_Scripture.mp4,"Scripture Reading | Friendship Baptist Church | November 29, 2020","Friendship Baptist Church - The Church That Christ Built
Pastor Isiah Smalls
36 Friendship Lane, Beaufort, SC 29907
www.thefriendshipbaptist.com

Scripture Reading from our November 29, 2020 worship service.

#FriendshipBaptistChurch #FBC #Beaufort #Worship",2020-11-29,Scripture,C:\thefriendshipbaptist\wp-content\uploads\2020\12\2020-11-29_Scripture.mp4
2020-11-29_Sermon.mp4,"Sunday Sermon | Friendship Baptist Church | November 29, 2020","Friendship Baptist Church - The Church That Christ Built
Pastor Isiah Smalls
36 Friendship Lane, Beaufort, SC 29907
www.thefriendshipbaptist.com

Sunday Sermon from our November 29, 2020 worship service.

#FriendshipBaptistChurch #FBC #Beaufort #Worship",2020-11-29,Sermon,C:\thefriendshipbaptist\wp-content\uploads\2020\12\2020-11-29_Sermon.mp4
2020-12-07_Prayer.mp4,"Opening Prayer | Friendship Baptist Church | December 7, 2020","Friendship Baptist Church - The Church That Christ Built
Pastor Isiah Smalls
36 Friendship Lane, Beaufort, SC 29907
www.thefriendshipbaptist.com

Opening Prayer from our December 7, 2020 worship service.

#FriendshipBaptistChurch #FBC #Beaufort #Worship",2020-12-07,Prayer,C:\thefriendshipbaptist\wp-content\uploads\2021\01\2020-12-07_Prayer.mp4
2020-12-07_Scripture.mp4,"Scripture Reading | Friendship Baptist Church | December 7, 2020","Friendship Baptist Church - The Church That Christ Built
Pastor Isiah Smalls
36 Friendship Lane, Beaufort, SC 29907
www.thefriendshipbaptist.com

Scripture Reading from our December 7, 2020 worship service.

#FriendshipBaptistChurch #FBC #Beaufort #Worship",2020-12-07,Scripture,C:\thefriendshipbaptist\wp-content\uploads\2021\01\2020-12-07_Scripture.mp4
2020-12-07_Sermon.mp4,"Sunday Sermon | Friendship Baptist Church | December 7, 2020","Friendship Baptist Church - The Church That Christ Built
Pastor Isiah Smalls
36 Friendship Lane, Beaufort, SC 29907
www.thefriendshipbaptist.com

Sunday Sermon from our December 7, 2020 worship service.

#FriendshipBaptistChurch #FBC #Beaufort #Worship",2020-12-07,Sermon,C:\thefriendshipbaptist\wp-content\uploads\2021\01\2020-12-07_Sermon.mp4
2020-12-13_Prayer.mp4,"Opening Prayer | Friendship Baptist Church | December 13, 2020","Friendship Baptist Church - The Church That Christ Built
Pastor Isiah Smalls
36 Friendship Lane, Beaufort, SC 29907
www.thefriendshipbaptist.com

Opening Prayer from our December 13, 2020 worship service.

#FriendshipBaptistChurch #FBC #Beaufort #Worship",2020-12-13,Prayer,C:\thefriendshipbaptist\wp-content\uploads\2021\03\2020-12-13_Prayer.mp4
2020-12-13_Scripture.mp4,"Scripture Reading | Friendship Baptist Church | December 13, 2020","Friendship Baptist Church - The Church That Christ Built
Pastor Isiah Smalls
36 Friendship Lane, Beaufort, SC 29907
www.thefriendshipbaptist.com

Scripture Reading from our December 13, 2020 worship service.

#FriendshipBaptistChurch #FBC #Beaufort #Worship",2020-12-13,Scripture,C:\thefriendshipbaptist\wp-content\uploads\2021\03\2020-12-13_Scripture.mp4
2020-12-13_Sermon.mp4,"Sunday Sermon | Friendship Baptist Church | December 13, 2020","Friendship Baptist Church - The Church That Christ Built
Pastor Isiah Smalls
36 Friendship Lane, Beaufort, SC 29907
www.thefriendshipbaptist.com

Sunday Sermon from our December 13, 2020 worship service.

#FriendshipBaptistChurch #FBC #Beaufort #Worship",2020-12-13,Sermon,C:\thefriendshipbaptist\wp-content\uploads\2021\03\2020-12-13_Sermon.mp4
2020-12-20_Prayer.mp4,"Opening Prayer | Friendship Baptist Church | December 20, 2020","Friendship Baptist Church - The Church That Christ Built
Pastor Isiah Smalls
36 Friendship Lane, Beaufort, SC 29907
www.thefriendshipbaptist.com

Opening Prayer from our December 20, 2020 worship service.

#FriendshipBaptistChurch #FBC #Beaufort #Worship",2020-12-20,Prayer,C:\thefriendshipbaptist\wp-content\uploads\2021\03\2020-12-20_Prayer.mp4
2020-12-20_Scripture.mp4,"Scripture Reading | Friendship Baptist Church | December 20, 2020","Friendship Baptist Church - The Church That Christ Built
Pastor Isiah Smalls
36 Friendship Lane, Beaufort, SC 29907
www.thefriendshipbaptist.com

Scripture Reading from our December 20, 2020 worship service.

#FriendshipBaptistChurch #FBC #Beaufort #Worship",2020-12-20,Scripture,C:\thefriendshipbaptist\wp-content\uploads\2021\03\2020-12-20_Scripture.mp4
2020-12-20_Sermon.mp4,"Sunday Sermon | Friendship Baptist Church | December 20, 2020","Friendship Baptist Church - The Church That Christ Built
Pastor Isiah Smalls
36 Friendship Lane, Beaufort, SC 29907
www.thefriendshipbaptist.com

Sunday Sermon from our December 20, 2020 worship service.

#FriendshipBaptistChurch #FBC #Beaufort #Worship",2020-12-20,Sermon,C:\thefriendshipbaptist\wp-content\uploads\2021\03\2020-12-20_Sermon.mp4
2020-12-27_Prayer.mp4,"Opening Prayer | Friendship Baptist Church | December 27, 2020","Friendship Baptist Church - The Church That Christ Built
Pastor Isiah Smalls
36 Friendship Lane, Beaufort, SC 29907
www.thefriendshipbaptist.com

Opening Prayer from our December 27, 2020 worship service.

#FriendshipBaptistChurch #FBC #Beaufort #Worship",2020-12-27,Prayer,C:\thefriendshipbaptist\wp-content\uploads\2021\03\2020-12-27_Prayer.mp4
2020-12-27_Scripture.mp4,"Scripture Reading | Friendship Baptist Church | December 27, 2020","Friendship Baptist Church - The Church That Christ Built
Pastor Isiah Smalls
36 Friendship Lane, Beaufort, SC 29907
www.thefriendshipbaptist.com

Scripture Reading from our December 27, 2020 worship service.

#FriendshipBaptistChurch #FBC #Beaufort #Worship",2020-12-27,Scripture,C:\thefriendshipbaptist\wp-content\uploads\2021\03\2020-12-27_Scripture.mp4
2020-12-27_Sermon.mp4,"Sunday Sermon | Friendship Baptist Church | December 27, 2020","Friendship Baptist Church - The Church That Christ Built
Pastor Isiah Smalls
36 Friendship Lane, Beaufort, SC 29907
www.thefriendshipbaptist.com

Sunday Sermon from our December 27, 2020 worship service.

#FriendshipBaptistChurch #FBC #Beaufort #Worship",2020-12-27,Sermon,C:\thefriendshipbaptist\wp-content\uploads\2021\03\2020-12-27_Sermon.mp4
2021-01-03_Prayer.mp4,"Opening Prayer | Friendship Baptist Church | January 3, 2021","Friendship Baptist Church - The Church That Christ Built
Pastor Isiah Smalls
36 Friendship Lane, Beaufort, SC 29907
www.thefriendshipbaptist.com

Opening Prayer from our January 3, 2021 worship service.

#FriendshipBaptistChurch #FBC #Beaufort #Worship",2021-01-03,Prayer,C:\thefriendshipbaptist\wp-content\uploads\2021\03\2021-01-03_Prayer.mp4
2021-01-03_Scripture.mp4,"Scripture Reading | Friendship Baptist Church | January 3, 2021","Friendship Baptist Church - The Church That Christ Built
Pastor Isiah Smalls
36 Friendship Lane, Beaufort, SC 29907
www.thefriendshipbaptist.com

Scripture Reading from our January 3, 2021 worship service.

#FriendshipBaptistChurch #FBC #Beaufort #Worship",2021-01-03,Scripture,C:\thefriendshipbaptist\wp-content\uploads\2021\03\2021-01-03_Scripture.mp4
2021-01-03_Sermon.mp4,"Sunday Sermon | Friendship Baptist Church | January 3, 2021","Friendship Baptist Church - The Church That Christ Built
Pastor Isiah Smalls
36 Friendship Lane, Beaufort, SC 29907
www.thefriendshipbaptist.com

Sunday Sermon from our January 3, 2021 worship service.

#FriendshipBaptistChurch #FBC #Beaufort #Worship",2021-01-03,Sermon,C:\thefriendshipbaptist\wp-content\uploads\2021\04\2021-01-03_Sermon.mp4
2021-01-10_Prayer.mp4,"Opening Prayer | Friendship Baptist Church | January 10, 2021","Friendship Baptist Church - The Church That Christ Built
Pastor Isiah Smalls
36 Friendship Lane, Beaufort, SC 29907
www.thefriendshipbaptist.com

Opening Prayer from our January 10, 2021 worship service.

#FriendshipBaptistChurch #FBC #Beaufort #Worship",2021-01-10,Prayer,C:\thefriendshipbaptist\wp-content\uploads\2021\04\2021-01-10_Prayer.mp4
2021-01-10_Scripture.mp4,"Scripture Reading | Friendship Baptist Church | January 10, 2021","Friendship Baptist Church - The Church That Christ Built
Pastor Isiah Smalls
36 Friendship Lane, Beaufort, SC 29907
www.thefriendshipbaptist.com

Scripture Reading from our January 10, 2021 worship service.

#FriendshipBaptistChurch #FBC #Beaufort #Worship",2021-01-10,Scripture,C:\thefriendshipbaptist\wp-content\uploads\2021\04\2021-01-10_Scripture.mp4
2021-01-10_Sermon.mp4,"Sunday Sermon | Friendship Baptist Church | January 10, 2021","Friendship Baptist Church - The Church That Christ Built
Pastor Isiah Smalls
36 Friendship Lane, Beaufort, SC 29907
www.thefriendshipbaptist.com

Sunday Sermon from our January 10, 2021 worship service.

#FriendshipBaptistChurch #FBC #Beaufort #Worship",2021-01-10,Sermon,C:\thefriendshipbaptist\wp-content\uploads\2021\04\2021-01-10_Sermon.mp4
2021-01-17_Prayer.mp4,"Opening Prayer | Friendship Baptist Church | January 17, 2021","Friendship Baptist Church - The Church That Christ Built
Pastor Isiah Smalls
36 Friendship Lane, Beaufort, SC 29907
www.thefriendshipbaptist.com

Opening Prayer from our January 17, 2021 worship service.

#FriendshipBaptistChurch #FBC #Beaufort #Worship",2021-01-17,Prayer,C:\thefriendshipbaptist\wp-content\uploads\2021\04\2021-01-17_Prayer.mp4
2021-01-17_Scripture.mp4,"Scripture Reading | Friendship Baptist Church | January 17, 2021","Friendship Baptist Church - The Church That Christ Built
Pastor Isiah Smalls
36 Friendship Lane, Beaufort, SC 29907
www.thefriendshipbaptist.com

Scripture Reading from our January 17, 2021 worship service.

#FriendshipBaptistChurch #FBC #Beaufort #Worship",2021-01-17,Scripture,C:\thefriendshipbaptist\wp-content\uploads\2021\04\2021-01-17_Scripture.mp4
2021-01-17_Sermon.mp4,"Sunday Sermon | Friendship Baptist Church | January 17, 2021","Friendship Baptist Church - The Church That Christ Built
Pastor Isiah Smalls
36 Friendship Lane, Beaufort, SC 29907
www.thefriendshipbaptist.com

Sunday Sermon from our January 17, 2021 worship service.

#FriendshipBaptistChurch #FBC #Beaufort #Worship",2021-01-17,Sermon,C:\thefriendshipbaptist\wp-content\uploads\2021\04\2021-01-17_Sermon.mp4
2021-01-24_Prayer.mp4,"Opening Prayer | Friendship Baptist Church | January 24, 2021","Friendship Baptist Church - The Church That Christ Built
Pastor Isiah Smalls
36 Friendship Lane, Beaufort, SC 29907
www.thefriendshipbaptist.com

Opening Prayer from our January 24, 2021 worship service.

#FriendshipBaptistChurch #FBC #Beaufort #Worship",2021-01-24,Prayer,C:\thefriendshipbaptist\wp-content\uploads\2021\04\2021-01-24_Prayer.mp4
2021-01-24_Scripture.mp4,"Scripture Reading | Friendship Baptist Church | January 24, 2021","Friendship Baptist Church - The Church That Christ Built
Pastor Isiah Smalls
36 Friendship Lane, Beaufort, SC 29907
www.thefriendshipbaptist.com

Scripture Reading from our January 24, 2021 worship service.

#FriendshipBaptistChurch #FBC #Beaufort #Worship",2021-01-24,Scripture,C:\thefriendshipbaptist\wp-content\uploads\2021\04\2021-01-24_Scripture.mp4
2021-01-24_Sermon.mp4,"Sunday Sermon | Friendship Baptist Church | January 24, 2021","Friendship Baptist Church - The Church That Christ Built
Pastor Isiah Smalls
36 Friendship Lane, Beaufort, SC 29907
www.thefriendshipbaptist.com

Sunday Sermon from our January 24, 2021 worship service.

#FriendshipBaptistChurch #FBC #Beaufort #Worship",2021-01-24,Sermon,C:\thefriendshipbaptist\wp-content\uploads\2021\04\2021-01-24_Sermon.mp4
2021-01-31_Prayer.mp4,"Opening Prayer | Friendship Baptist Church | January 31, 2021","Friendship Baptist Church - The Church That Christ Built
Pastor Isiah Smalls
36 Friendship Lane, Beaufort, SC 29907
www.thefriendshipbaptist.com

Opening Prayer from our January 31, 2021 worship service.

#FriendshipBaptistChurch #FBC #Beaufort #Worship",2021-01-31,Prayer,C:\thefriendshipbaptist\wp-content\uploads\2021\04\2021-01-31_Prayer.mp4
2021-01-31_Scripture.mp4,"Scripture Reading | Friendship Baptist Church | January 31, 2021","Friendship Baptist Church - The Church That Christ Built
Pastor Isiah Smalls
36 Friendship Lane, Beaufort, SC 29907
www.thefriendshipbaptist.com

Scripture Reading from our January 31, 2021 worship service.

#FriendshipBaptistChurch #FBC #Beaufort #Worship",2021-01-31,Scripture,C:\thefriendshipbaptist\wp-content\uploads\2021\04\2021-01-31_Scripture.mp4
2021-01-31_Sermon.mp4,"Sunday Sermon | Friendship Baptist Church | January 31, 2021","Friendship Baptist Church - The Church That Christ Built
Pastor Isiah Smalls
36 Friendship Lane, Beaufort, SC 29907
www.thefriendshipbaptist.com

Sunday Sermon from our January 31, 2021 worship service.

#FriendshipBaptistChurch #FBC #Beaufort #Worship",2021-01-31,Sermon,C:\thefriendshipbaptist\wp-content\uploads\2021\04\2021-01-31_Sermon.mp4
2021-02-07_Sermon.mp4,"Sunday Sermon | Friendship Baptist Church | February 7, 2021","Friendship Baptist Church - The Church That Christ Built
Pastor Isiah Smalls
36 Friendship Lane, Beaufort, SC 29907
www.thefriendshipbaptist.com

Sunday Sermon from our February 7, 2021 worship service.

#FriendshipBaptistChurch #FBC #Beaufort #Worship",2021-02-07,Sermon,C:\thefriendshipbaptist\wp-content\uploads\2021\04\2021-02-07_Sermon.mp4
2021-02-28_Prayer.mp4,"Opening Prayer | Friendship Baptist Church | February 28, 2021","Friendship Baptist Church - The Church That Christ Built
Pastor Isiah Smalls
36 Friendship Lane, Beaufort, SC 29907
www.thefriendshipbaptist.com

Opening Prayer from our February 28, 2021 worship service.

#FriendshipBaptistChurch #FBC #Beaufort #Worship",2021-02-28,Prayer,C:\thefriendshipbaptist\wp-content\uploads\2021\04\2021-02-28_Prayer.mp4
2021-02-28_Scripture.mp4,"Scripture Reading | Friendship Baptist Church | February 28, 2021","Friendship Baptist Church - The Church That Christ Built
Pastor Isiah Smalls
36 Friendship Lane, Beaufort, SC 29907
www.thefriendshipbaptist.com

Scripture Reading from our February 28, 2021 worship service.

#FriendshipBaptistChurch #FBC #Beaufort #Worship",2021-02-28,Scripture,C:\thefriendshipbaptist\wp-content\uploads\2021\04\2021-02-28_Scripture.mp4
2021-02-28_Sermon.mp4,"Sunday Sermon | Friendship Baptist Church | February 28, 2021","Friendship Baptist Church - The Church That Christ Built
Pastor Isiah Smalls
36 Friendship Lane, Beaufort, SC 29907
www.thefriendshipbaptist.com

Sunday Sermon from our February 28, 2021 worship service.

#FriendshipBaptistChurch #FBC #Beaufort #Worship",2021-02-28,Sermon,C:\thefriendshipbaptist\wp-content\uploads\2021\04\2021-02-28_Sermon.mp4
2021-03-07_Prayer.mp4,"Opening Prayer | Friendship Baptist Church | March 7, 2021","Friendship Baptist Church - The Church That Christ Built
Pastor Isiah Smalls
36 Friendship Lane, Beaufort, SC 29907
www.thefriendshipbaptist.com

Opening Prayer from our March 7, 2021 worship service.

#FriendshipBaptistChurch #FBC #Beaufort #Worship",2021-03-07,Prayer,C:\thefriendshipbaptist\wp-content\uploads\2021\04\2021-03-07_Prayer.mp4
2021-03-07_Scripture.mp4,"Scripture Reading | Friendship Baptist Church | March 7, 2021","Friendship Baptist Church - The Church That Christ Built
Pastor Isiah Smalls
36 Friendship Lane, Beaufort, SC 29907
www.thefriendshipbaptist.com

Scripture Reading from our March 7, 2021 worship service.

#FriendshipBaptistChurch #FBC #Beaufort #Worship",2021-03-07,Scripture,C:\thefriendshipbaptist\wp-content\uploads\2021\04\2021-03-07_Scripture.mp4
2021-03-14_Prayer.mp4,"Opening Prayer | Friendship Baptist Church | March 14, 2021","Friendship Baptist Church - The Church That Christ Built
Pastor Isiah Smalls
36 Friendship Lane, Beaufort, SC 29907
www.thefriendshipbaptist.com

Opening Prayer from our March 14, 2021 worship service.

#FriendshipBaptistChurch #FBC #Beaufort #Worship",2021-03-14,Prayer,C:\thefriendshipbaptist\wp-content\uploads\2021\04\2021-03-14_Prayer.mp4
2021-03-14_Scripture.mp4,"Scripture Reading | Friendship Baptist Church | March 14, 2021","Friendship Baptist Church - The Church That Christ Built
Pastor Isiah Smalls
36 Friendship Lane, Beaufort, SC 29907
www.thefriendshipbaptist.com

Scripture Reading from our March 14, 2021 worship service.

#FriendshipBaptistChurch #FBC #Beaufort #Worship",2021-03-14,Scripture,C:\thefriendshipbaptist\wp-content\uploads\2021\04\2021-03-14_Scripture.mp4
2021-03-14_Sermon.mp4,"Sunday Sermon | Friendship Baptist Church | March 14, 2021","Friendship Baptist Church - The Church That Christ Built
Pastor Isiah Smalls
36 Friendship Lane, Beaufort, SC 29907
www.thefriendshipbaptist.com

Sunday Sermon from our March 14, 2021 worship service.

#FriendshipBaptistChurch #FBC #Beaufort #Worship",2021-03-14,Sermon,C:\thefriendshipbaptist\wp-content\uploads\2021\04\2021-03-14_Sermon.mp4
2021-03-28_GreetingAndReading.mp4,"Greeting & Reading | Friendship Baptist Church | March 28, 2021","Friendship Baptist Church - The Church That Christ Built
Pastor Isiah Smalls
36 Friendship Lane, Beaufort, SC 29907
www.thefriendshipbaptist.com

Greeting & Reading from our March 28, 2021 worship service.

#FriendshipBaptistChurch #FBC #Beaufort #Worship",2021-03-28,Special,C:\thefriendshipbaptist\wp-content\uploads\2021\04\2021-03-28_GreetingAndReading.mp4
2021-03-28_Prayer.mp4,"Opening Prayer | Friendship Baptist Church | March 28, 2021","Friendship Baptist Church - The Church That Christ Built
Pastor Isiah Smalls
36 Friendship Lane, Beaufort, SC 29907
www.thefriendshipbaptist.com

Opening Prayer from our March 28, 2021 worship service.

#FriendshipBaptistChurch #FBC #Beaufort #Worship",2021-03-28,Prayer,C:\thefriendshipbaptist\wp-content\uploads\2021\04\2021-03-28_Prayer.mp4
2021-03-28_Scripture.mp4,"Scripture Reading | Friendship Baptist Church | March 28, 2021","Friendship Baptist Church - The Church That Christ Built
Pastor Isiah Smalls
36 Friendship Lane, Beaufort, SC 29907
www.thefriendshipbaptist.com

Scripture Reading from our March 28, 2021 worship service.

#FriendshipBaptistChurch #FBC #Beaufort #Worship",2021-03-28,Scripture,C:\thefriendshipbaptist\wp-content\uploads\2021\04\2021-03-28_Scripture.mp4
2021-03-28_Sermon.mp4,"Sunday Sermon | Friendship Baptist Church | March 28, 2021","Friendship Baptist Church - The Church That Christ Built
Pastor Isiah Smalls
36 Friendship Lane, Beaufort, SC 29907
www.thefriendshipbaptist.com

Sunday Sermon from our March 28, 2021 worship service.

#FriendshipBaptistChurch #FBC #Beaufort #Worship",2021-03-28,Sermon,C:\thefriendshipbaptist\wp-content\uploads\2021\04\2021-03-28_Sermon.mp4
2021-04-04_Prayer.mp4,"Opening Prayer | Friendship Baptist Church | April 4, 2021","Friendship Baptist Church - The Church That Christ Built
Pastor Isiah Smalls
36 Friendship Lane, Beaufort, SC 29907
www.thefriendshipbaptist.com

Opening Prayer from our April 4, 2021 Easter worship service.

#FriendshipBaptistChurch #FBC #Beaufort #Worship",2021-04-04,Prayer,C:\thefriendshipbaptist\wp-content\uploads\2021\04\2021-04-04_Prayer.mp4
2021-04-04_Scripture.mp4,"Scripture Reading | Friendship Baptist Church | April 4, 2021","Friendship Baptist Church - The Church That Christ Built
Pastor Isiah Smalls
36 Friendship Lane, Beaufort, SC 29907
www.thefriendshipbaptist.com

Scripture Reading from our April 4, 2021 Easter worship service.

#FriendshipBaptistChurch #FBC #Beaufort #Worship",2021-04-04,Scripture,C:\thefriendshipbaptist\wp-content\uploads\2021\04\2021-04-04_Scripture.mp4
2021-04-04_Sermon.mp4,"Easter Sunday Sermon | Friendship Baptist Church | April 4, 2021","Friendship Baptist Church - The Church That Christ Built
Pastor Isiah Smalls
36 Friendship Lane, Beaufort, SC 29907
www.thefriendshipbaptist.com

Easter Sunday Sermon from our April 4, 2021 worship service.

#FriendshipBaptistChurch #FBC #Beaufort #Worship",2021-04-04,Sermon,C:\thefriendshipbaptist\wp-content\uploads\2021\04\2021-04-04_Sermon.mp4
2021-04-11_Prayer.mp4,"Opening Prayer | Friendship Baptist Church | April 11, 2021","Friendship Baptist Church - The Church That Christ Built
Pastor Isiah Smalls
36 Friendship Lane, Beaufort, SC 29907
www.thefriendshipbaptist.com

Opening Prayer from our April 11, 2021 worship service.

#FriendshipBaptistChurch #FBC #Beaufort #Worship",2021-04-11,Prayer,C:\thefriendshipbaptist\wp-content\uploads\2021\04\2021-04-11_Prayer.mp4
2021-04-11_Scripture.mp4,"Scripture Reading | Friendship Baptist Church | April 11, 2021","Friendship Baptist Church - The Church That Christ Built
Pastor Isiah Smalls
36 Friendship Lane, Beaufort, SC 29907
www.thefriendshipbaptist.com

Scripture Reading from our April 11, 2021 worship service.

#FriendshipBaptistChurch #FBC #Beaufort #Worship",2021-04-11,Scripture,C:\thefriendshipbaptist\wp-content\uploads\2021\04\2021-04-11_Scripture.mp4
2021-04-11_Sermon.mp4,"Sunday Sermon | Friendship Baptist Church | April 11, 2021","Friendship Baptist Church - The Church That Christ Built
Pastor Isiah Smalls
36 Friendship Lane, Beaufort, SC 29907
www.thefriendshipbaptist.com

Sunday Sermon from our April 11, 2021 worship service.

#FriendshipBaptistChurch #FBC #Beaufort #Worship",2021-04-11,Sermon,C:\thefriendshipbaptist\wp-content\uploads\2021\04\2021-04-11_Sermon.mp4
Pastor14thAnniversary_web.mp4,"Pastor's 14th Anniversary Celebration | Friendship Baptist Church","Friendship Baptist Church - The Church That Christ Built
Pastor Isiah Smalls
36 Friendship Lane, Beaufort, SC 29907
www.thefriendshipbaptist.com

Celebrating Pastor Isiah Smalls' 14th Anniversary at Friendship Baptist Church.

#FriendshipBaptistChurch #FBC #Beaufort #Worship",,Special,C:\thefriendshipbaptist\music\Pastor14thAnniversary_web.mp4
20191125_EmilySimmonsSmallsMajorMemorial.avi,"Emily Simmons-Smalls Major Memorial | Friendship Baptist Church | November 25, 2019","Friendship Baptist Church - The Church That Christ Built
Pastor Isiah Smalls
36 Friendship Lane, Beaufort, SC 29907
www.thefriendshipbaptist.com

Memorial service for Emily Simmons-Smalls Major at Friendship Baptist Church on November 25, 2019.

#FriendshipBaptistChurch #FBC #Beaufort #Worship",2019-11-25,Special,C:\thefriendshipbaptist\20191125_EmilySimmonsSmallsMajorMemorial.avi
GullahJuice1.mp4,"Gullah Geechee Heritage Part 1 | Friendship Baptist Church","Friendship Baptist Church - The Church That Christ Built
Pastor Isiah Smalls
36 Friendship Lane, Beaufort, SC 29907
www.thefriendshipbaptist.com

Gullah Geechee Heritage highlights from Friendship Baptist Church.

#FriendshipBaptistChurch #FBC #Beaufort #Worship #GullahGeechee",,Special,C:\thefriendshipbaptist\wp-content\uploads\2019\06\GullahJuice1.mp4
GullahJuice3.mp4,"Gullah Geechee Heritage Part 3 | Friendship Baptist Church","Friendship Baptist Church - The Church That Christ Built
Pastor Isiah Smalls
36 Friendship Lane, Beaufort, SC 29907
www.thefriendshipbaptist.com

Gullah Geechee Heritage highlights from Friendship Baptist Church.

#FriendshipBaptistChurch #FBC #Beaufort #Worship #GullahGeechee",,Special,C:\thefriendshipbaptist\wp-content\uploads\2019\06\GullahJuice3.mp4
DSC_0143_Trim_Slomo-1.mp4,"Church Highlights | Friendship Baptist Church","Friendship Baptist Church - The Church That Christ Built
Pastor Isiah Smalls
36 Friendship Lane, Beaufort, SC 29907
www.thefriendshipbaptist.com

Highlights from Friendship Baptist Church.

#FriendshipBaptistChurch #FBC #Beaufort #Worship",,Special,C:\thefriendshipbaptist\wp-content\uploads\2019\06\DSC_0143_Trim_Slomo-1.mp4
